contig_1	VFG049248(gb|WP_123809090)	100.000	60	0	0	237	296	1	60	4.87e-22	111
contig_12	VFG049360(gb|WP_002216388)	91.892	74	2	3	91292	91363	3151	3080	2.22e-18	100
contig_13	VFG049248(gb|WP_123809090)	100.000	60	0	0	4282	4341	1	60	8.11e-22	111
contig_13	VFG049248(gb|WP_123809090)	98.361	61	0	1	81015	81075	1	60	3.77e-20	106
contig_13	VFG048839(gb|WP_041937831)	100.000	31	0	0	3285	3315	1350	1380	1.07e-05	58.4
contig_13	VFG048839(gb|WP_041937831)	100.000	31	0	0	80017	80047	1350	1380	1.07e-05	58.4
contig_18	VFG049248(gb|WP_123809090)	100.000	52	0	0	24801	24852	52	1	3.88e-17	97.1
contig_18	VFG048839(gb|WP_041937831)	97.297	37	1	0	23375	23411	1344	1380	3.94e-07	63.9
contig_18	VFG048839(gb|WP_041937831)	100.000	31	0	0	64763	64793	1380	1350	1.83e-05	58.4
contig_18	VFG048839(gb|WP_041937831)	100.000	31	0	0	25819	25849	1380	1350	1.83e-05	58.4
contig_18	VFG033146(gb|WP_001521270)	100.000	28	0	0	105878	105905	570	543	8.53e-04	52.8
contig_24	VFG048377(gb|WP_000813718)	99.759	2487	6	0	27198	29684	1	2487	0.0	4560
contig_24	VFG048375(gb|YP_005228645)	99.598	2487	10	0	27198	29684	1	2487	0.0	4538
contig_24	VFG043625(gb|WP_000813718)	99.517	2487	12	0	27198	29684	1	2487	0.0	4527
contig_24	VFG048379	99.196	2487	17	1	27198	29684	1	2484	0.0	4479
contig_24	VFG048380(gb|WP_012967266)	94.612	2487	134	0	27198	29684	1	2487	0.0	3851
contig_24	VFG048374(gb|WP_008806367)	94.572	2487	135	0	27198	29684	1	2487	0.0	3845
contig_24	VFG043624(gb|WP_004149659)	99.096	996	9	0	29675	30670	1	996	0.0	1790
contig_24	VFG048365(gb|YP_005228644)	98.996	996	10	0	29675	30670	1	996	0.0	1784
contig_24	VFG048363	98.997	997	9	1	29675	30670	1	997	0.0	1784
contig_24	VFG048369(gb|WP_004144003)	98.896	996	11	0	29675	30670	1	996	0.0	1779
contig_24	VFG048368(gb|WP_002916123)	98.795	996	12	0	29675	30670	1	996	0.0	1773
contig_24	VFG048367(gb|WP_004900381)	97.791	996	10	1	29675	30670	1	984	0.0	1707
contig_24	VFG048364(gb|WP_012540632)	90.964	996	90	0	29675	30670	1	996	0.0	1341
contig_24	VFG048385(gb|YP_005228646)	99.725	726	2	0	26461	27186	1	726	0.0	1330
contig_24	VFG048370(gb|WP_012967267)	90.663	996	93	0	29675	30670	1	996	0.0	1325
contig_24	VFG048348(gb|WP_004149658)	100.000	717	0	0	31353	32069	717	1	0.0	1325
contig_24	VFG048347(gb|WP_004144002)	99.861	717	1	0	31353	32069	717	1	0.0	1319
contig_24	VFG048346(gb|WP_004149658)	99.861	717	1	0	31353	32069	717	1	0.0	1319
contig_24	VFG048344(gb|YP_005228642)	99.721	717	2	0	31353	32069	717	1	0.0	1314
contig_24	VFG043626(gb|WP_000820818)	99.858	702	1	0	26485	27186	1	702	0.0	1291
contig_24	VFG048386(gb|WP_000820818)	99.715	702	2	0	26485	27186	1	702	0.0	1286
contig_24	VFG048389(gb|WP_000820818)	99.573	702	3	0	26485	27186	1	702	0.0	1280
contig_24	VFG048387(gb|WP_014599251)	99.145	702	6	0	26485	27186	1	702	0.0	1264
contig_24	VFG048384(gb|WP_012967265)	97.009	702	21	0	26485	27186	1	702	0.0	1181
contig_24	VFG048357(gb|WP_002916122)	99.528	636	2	1	30684	31318	1	636	0.0	1157
contig_24	VFG048359(gb|WP_002916122)	99.371	636	3	1	30684	31318	1	636	0.0	1151
contig_24	VFG043623(gb|WP_002916122)	99.371	636	3	1	30684	31318	1	636	0.0	1151
contig_24	VFG048355(gb|YP_005228643)	99.214	636	4	1	30684	31318	1	636	0.0	1146
contig_24	VFG048358(gb|WP_002916122)	99.057	636	5	1	30684	31318	1	636	0.0	1140
contig_24	VFG048399(gb|WP_000756959)	99.179	609	5	0	25781	26389	1	609	0.0	1098
contig_24	VFG048395(gb|YP_005228647)	99.015	609	6	0	25781	26389	1	609	0.0	1092
contig_24	VFG043627(gb|WP_000756959)	98.851	609	7	0	25781	26389	1	609	0.0	1086
contig_24	VFG048394(gb|WP_008806369)	95.402	609	28	0	25781	26389	1	609	0.0	970
contig_24	VFG048400(gb|WP_008806369)	95.238	609	29	0	25781	26389	1	609	0.0	965
contig_24	VFG048360(gb|WP_012540633)	91.667	636	52	1	30684	31318	1	636	0.0	880
contig_24	VFG048354(gb|WP_012540633)	91.509	636	53	1	30684	31318	1	636	0.0	874
contig_24	VFG033845(gb|WP_015675060)	100.000	39	0	0	20292	20330	2736	2774	1.88e-10	73.1
contig_24	VFG048339(gb|WP_020947349)	100.000	32	0	0	32213	32244	573	542	1.46e-06	60.2
contig_24	VFG048338(gb|WP_002916079)	100.000	32	0	0	32213	32244	573	542	1.46e-06	60.2
contig_24	VFG048337(gb|WP_002916079)	100.000	32	0	0	32213	32244	573	542	1.46e-06	60.2
contig_24	VFG048336(gb|WP_002916079)	100.000	32	0	0	32213	32244	573	542	1.46e-06	60.2
contig_24	VFG048334(gb|YP_005228641)	100.000	32	0	0	32213	32244	573	542	1.46e-06	60.2
contig_24	VFG048332(gb|WP_002916079)	100.000	32	0	0	32213	32244	573	542	1.46e-06	60.2
contig_24	VFG048839(gb|WP_041937831)	94.118	34	2	0	25509	25542	1380	1347	2.45e-04	52.8
contig_24	VFG033146(gb|WP_001521270)	100.000	28	0	0	21038	21065	543	570	2.45e-04	52.8
contig_25	VFG049248(gb|WP_123809090)	100.000	60	0	0	18526	18585	1	60	1.96e-22	111
contig_25	VFG048839(gb|WP_041937831)	94.737	38	2	0	17522	17559	1343	1380	7.20e-07	60.2
contig_3	VFG013373(gb|WP_011608862)	90.909	44	2	2	202307	202349	494	452	4.16e-05	58.4
contig_30	VFG049255(gb|WP_014907370)	97.406	3431	62	20	201758	205181	3411	1	0.0	5818
contig_30	VFG049260(gb|WP_041937785)	97.377	3431	63	20	201758	205181	3411	1	0.0	5812
contig_30	VFG049257(gb|YP_005227550)	97.319	3431	65	20	201758	205181	3411	1	0.0	5801
contig_30	VFG049259(gb|WP_015958622)	96.444	3431	95	20	201758	205181	3411	1	0.0	5635
contig_30	VFG049258(gb|WP_171773966)	92.515	3086	200	25	201758	204833	3417	353	0.0	4390
contig_30	VFG049256(gb|WP_181446013)	91.348	3086	236	25	201758	204833	3417	353	0.0	4191
contig_30	VFG049261(gb|WP_004145450)	95.352	2302	90	9	201758	204056	3387	1100	0.0	3642
contig_30	VFG049271(gb|WP_004145449)	97.626	1769	28	12	199866	201625	1764	1	0.0	3022
contig_30	VFG049269(gb|WP_004148784)	97.626	1769	28	12	199866	201625	1764	1	0.0	3022
contig_30	VFG049268(gb|WP_004898999)	97.569	1769	29	12	199866	201625	1764	1	0.0	3016
contig_30	VFG049267(gb|WP_004200296)	97.400	1769	32	12	199866	201625	1764	1	0.0	3000
contig_30	VFG049264(gb|WP_014907371)	97.343	1769	33	12	199866	201625	1764	1	0.0	2994
contig_30	VFG049270(gb|WP_014907371)	97.287	1769	34	12	199866	201625	1764	1	0.0	2988
contig_30	VFG049266(gb|YP_005227549)	97.117	1769	37	12	199866	201625	1764	1	0.0	2972
contig_30	VFG049265(gb|WP_012541330)	95.930	1769	58	12	199866	201625	1764	1	0.0	2856
contig_30	VFG049307(gb|WP_004200294)	94.150	1436	39	37	196440	197850	1416	1	0.0	2145
contig_30	VFG049304(gb|WP_004200294)	93.872	1436	43	37	196440	197850	1416	1	0.0	2122
contig_30	VFG049306(gb|YP_005227545)	93.802	1436	44	37	196440	197850	1416	1	0.0	2117
contig_30	VFG049311(gb|WP_046387622)	93.663	1436	46	37	196440	197850	1416	1	0.0	2106
contig_30	VFG049309(gb|WP_015958620)	93.593	1436	47	37	196440	197850	1416	1	0.0	2100
contig_30	VFG049308(gb|WP_004898990)	93.593	1436	47	37	196440	197850	1416	1	0.0	2100
contig_30	VFG049277(gb|WP_004200295)	96.850	1016	13	15	198831	199832	1017	7	0.0	1681
contig_30	VFG049276(gb|YP_005227548)	96.850	1016	13	15	198831	199832	1017	7	0.0	1681
contig_30	VFG049281(gb|WP_072157837)	96.752	1016	14	15	198831	199832	1017	7	0.0	1676
contig_30	VFG049278(gb|WP_014599196)	96.752	1016	14	15	198831	199832	1017	7	0.0	1676
contig_30	VFG049274(gb|WP_074424896)	96.555	1016	16	15	198831	199832	1017	7	0.0	1664
contig_30	VFG049279(gb|WP_072159832)	96.457	1016	17	15	198831	199832	1017	7	0.0	1659
contig_30	VFG049275(gb|WP_171004785)	94.390	1016	38	15	198831	199832	1017	7	0.0	1543
contig_30	VFG049316(gb|WP_002910453)	96.736	919	11	11	195404	196307	915	1	0.0	1513
contig_30	VFG049317(gb|WP_002910453)	96.518	919	13	11	195404	196307	915	1	0.0	1502
contig_30	VFG049315(gb|YP_005227544)	96.518	919	13	11	195404	196307	915	1	0.0	1502
contig_30	VFG049313(gb|WP_002910453)	96.518	919	13	11	195404	196307	915	1	0.0	1502
contig_30	VFG049320(gb|WP_002910453)	96.300	919	15	10	195404	196307	915	1	0.0	1491
contig_30	VFG049318	96.196	920	15	12	195404	196307	916	1	0.0	1487
contig_30	VFG049314(gb|WP_012541334)	93.906	919	37	10	195404	196307	915	1	0.0	1369
contig_30	VFG049321(gb|WP_012541334)	93.580	919	40	12	195404	196307	915	1	0.0	1352
contig_30	VFG049287(gb|WP_004175532)	97.967	541	3	7	198314	198850	537	1	0.0	931
contig_30	VFG049284(gb|WP_004175532)	97.782	541	4	7	198314	198850	537	1	0.0	926
contig_30	VFG049289(gb|WP_004175532)	97.597	541	5	7	198314	198850	537	1	0.0	920
contig_30	VFG049288(gb|WP_004898993)	97.597	541	5	7	198314	198850	537	1	0.0	920
contig_30	VFG049291(gb|WP_077251139)	97.412	541	6	7	198314	198850	537	1	0.0	915
contig_30	VFG049285(gb|WP_012541332)	95.194	541	18	7	198314	198850	537	1	0.0	848
contig_30	VFG049286(gb|YP_005227547)	97.967	492	3	6	198314	198801	489	1	0.0	846
contig_30	VFG049297(gb|WP_004175538)	98.652	445	2	4	197870	198311	444	1	0.0	785
contig_30	VFG049298(gb|WP_004175538)	97.978	445	5	4	197870	198311	444	1	0.0	769
contig_30	VFG049294(gb|WP_004175538)	97.753	445	6	4	197870	198311	444	1	0.0	763
contig_30	VFG049300(gb|WP_004145445)	97.528	445	7	4	197870	198311	444	1	0.0	758
contig_30	VFG049301(gb|WP_004152261)	96.854	445	10	4	197870	198311	444	1	0.0	741
contig_30	VFG049296(gb|YP_005227546)	96.854	445	10	4	197870	198311	444	1	0.0	741
contig_30	VFG049295(gb|WP_004152261)	96.854	445	10	4	197870	198311	444	1	0.0	741
contig_30	VFG049329(gb|WP_004145442)	98.193	332	3	2	194989	195319	330	1	1.58e-161	577
contig_30	VFG049327(gb|WP_004145442)	97.892	332	4	2	194989	195319	330	1	7.37e-160	571
contig_30	VFG049326(gb|WP_004898985)	97.289	332	6	2	194989	195319	330	1	1.59e-156	560
contig_30	VFG049325(gb|WP_004200293)	97.289	332	6	2	194989	195319	330	1	1.59e-156	560
contig_30	VFG049322(gb|WP_004145442)	97.289	332	6	2	194989	195319	330	1	1.59e-156	560
contig_30	VFG049330(gb|WP_008804379)	91.291	333	24	4	194989	195319	330	1	3.60e-123	449
contig_30	VFG049323(gb|WP_012541335)	91.291	333	24	4	194989	195319	330	1	3.60e-123	449
contig_37	VFG049248(gb|WP_123809090)	100.000	62	0	0	1990	2051	62	1	1.12e-23	115
contig_38	VFG048275(gb|WP_004900404)	99.273	2613	18	1	8594	11205	1	2613	0.0	4719
contig_38	VFG048276(gb|WP_004900404)	99.235	2613	19	1	8594	11205	1	2613	0.0	4713
contig_38	VFG048277(gb|WP_009308599)	99.196	2613	20	1	8594	11205	1	2613	0.0	4708
contig_38	VFG048273(gb|YP_005228658)	99.120	2613	22	1	8594	11205	1	2613	0.0	4697
contig_38	VFG048278(gb|WP_020947344)	98.546	2613	25	3	8594	11205	1	2601	0.0	4602
contig_38	VFG048279(gb|WP_012967258)	94.495	2616	140	2	8594	11205	1	2616	0.0	4030
contig_38	VFG043616(gb|WP_012540618)	94.266	2616	146	2	8594	11205	1	2616	0.0	3997
contig_38	VFG048316(gb|WP_015958940)	99.151	1413	11	1	13176	14587	1	1413	0.0	2542
contig_38	VFG048317(gb|WP_014906959)	98.868	1413	15	1	13176	14587	1	1413	0.0	2519
contig_38	VFG048318(gb|WP_004144030)	98.797	1413	16	1	13176	14587	1	1413	0.0	2514
contig_38	VFG048315(gb|WP_014599252)	98.443	1413	21	1	13176	14587	1	1413	0.0	2486
contig_38	VFG048313(gb|YP_005228662)	98.788	1320	15	1	13176	14494	1	1320	0.0	2348
contig_38	VFG043612(gb|WP_040968855)	93.277	1413	94	1	13176	14587	1	1413	0.0	2082
contig_38	VFG048319(gb|WP_012967256)	93.267	1411	94	1	13176	14585	1	1411	0.0	2078
contig_38	VFG048308(gb|WP_004151788)	99.448	906	5	0	12274	13179	1	906	0.0	1646
contig_38	VFG048303(gb|YP_005228661)	99.340	909	6	0	12271	13179	1	909	0.0	1646
contig_38	VFG048307(gb|WP_041937815)	99.338	906	6	0	12274	13179	1	906	0.0	1640
contig_38	VFG048304(gb|WP_004151788)	99.338	906	6	0	12274	13179	1	906	0.0	1640
contig_38	VFG048305(gb|WP_004151788)	99.227	906	7	0	12274	13179	1	906	0.0	1635
contig_38	VFG048306(gb|WP_024264619)	99.227	906	4	1	12274	13179	1	903	0.0	1631
contig_38	VFG048302(gb|WP_014906960)	99.298	855	6	0	12325	13179	1	855	0.0	1546
contig_38	VFG048309(gb|WP_012540615)	95.475	906	41	0	12274	13179	1	906	0.0	1447
contig_38	VFG043613(gb|WP_012540615)	95.364	906	42	0	12274	13179	1	906	0.0	1441
contig_38	VFG048264(gb|WP_002916192)	99.449	726	4	0	7788	8513	1	726	0.0	1319
contig_38	VFG048266(gb|WP_085848589)	99.311	726	5	0	7788	8513	1	726	0.0	1314
contig_38	VFG048267(gb|WP_015875145)	99.311	726	5	0	7788	8513	1	726	0.0	1314
contig_38	VFG048263(gb|YP_005228657)	99.433	705	4	0	7809	8513	1	705	0.0	1280
contig_38	VFG048225(gb|YP_005228652)	99.524	630	2	1	4420	5048	1	630	0.0	1146
contig_38	VFG048227(gb|WP_004151951)	99.670	606	1	1	4444	5048	1	606	0.0	1107
contig_38	VFG048236(gb|WP_002916189)	99.344	610	3	1	5514	6123	1	609	0.0	1103
contig_38	VFG048235(gb|WP_002916189)	99.344	610	3	1	5514	6123	1	609	0.0	1103
contig_38	VFG048226(gb|WP_004151951)	99.505	606	2	1	4444	5048	1	606	0.0	1101
contig_38	VFG048233(gb|YP_005228653)	99.016	610	5	1	5514	6123	1	609	0.0	1092
contig_38	VFG048229(gb|WP_015875142)	99.175	606	4	1	4444	5048	1	606	0.0	1090
contig_38	VFG048228(gb|WP_004151951)	99.175	606	4	1	4444	5048	1	606	0.0	1090
contig_38	VFG048238(gb|WP_020947346)	98.852	610	6	1	5514	6123	1	609	0.0	1086
contig_38	VFG048237(gb|WP_002916189)	98.852	610	6	1	5514	6123	1	609	0.0	1086
contig_38	VFG048269(gb|WP_012540619)	94.043	705	42	0	7809	8513	1	705	0.0	1070
contig_38	VFG043617(gb|WP_012540619)	93.759	705	44	0	7809	8513	1	705	0.0	1059
contig_38	VFG048230(gb|WP_042931240)	100.000	570	0	0	4479	5048	1	570	0.0	1053
contig_38	VFG048224(gb|WP_042931240)	99.474	570	3	0	4479	5048	1	570	0.0	1037
contig_38	VFG048245(gb|WP_002916190)	99.089	549	5	0	6603	7151	1	549	0.0	987
contig_38	VFG048243(gb|YP_005228655)	98.907	549	6	0	6603	7151	1	549	0.0	981
contig_38	VFG048247(gb|WP_002916190)	98.907	549	6	0	6603	7151	1	549	0.0	981
contig_38	VFG048255(gb|WP_004174507)	98.885	538	5	1	7222	7759	1	537	0.0	959
contig_38	VFG048258(gb|WP_004144023)	98.699	538	6	1	7222	7759	1	537	0.0	953
contig_38	VFG048256(gb|WP_041937666)	98.699	538	6	1	7222	7759	1	537	0.0	953
contig_38	VFG048286(gb|WP_032418373)	99.053	528	5	0	11216	11743	1	528	0.0	948
contig_38	VFG048285(gb|WP_004900407)	99.053	528	5	0	11216	11743	1	528	0.0	948
contig_38	VFG048257(gb|WP_004174507)	98.513	538	7	1	7222	7759	1	537	0.0	948
contig_38	VFG048287(gb|WP_014906962)	98.864	528	6	0	11216	11743	1	528	0.0	942
contig_38	VFG048253(gb|YP_005228656)	98.327	538	8	1	7222	7759	1	537	0.0	942
contig_38	VFG048252(gb|WP_014906964)	98.327	538	8	1	7222	7759	1	537	0.0	942
contig_38	VFG048283(gb|YP_005228659)	98.674	528	7	0	11216	11743	1	528	0.0	937
contig_38	VFG048288(gb|WP_020953357)	98.295	528	9	0	11216	11743	1	528	0.0	926
contig_38	VFG048293(gb|YP_005228660)	100.000	486	0	0	11771	12256	1	486	0.0	898
contig_38	VFG048298(gb|WP_072196423)	99.794	486	1	0	11771	12256	1	486	0.0	893
contig_38	VFG048297(gb|WP_014906961)	99.588	486	2	0	11771	12256	1	486	0.0	887
contig_38	VFG043614(gb|WP_074194464)	97.737	486	11	0	11771	12256	1	486	0.0	837
contig_38	VFG048231(gb|WP_012967261)	91.570	605	50	1	4444	5047	1	605	0.0	833
contig_38	VFG043615(gb|WP_012540617)	93.384	529	33	2	11216	11743	1	528	0.0	782
contig_38	VFG048289(gb|WP_012967257)	93.195	529	34	2	11216	11743	1	528	0.0	776
contig_38	VFG048259(gb|WP_012967260)	92.379	538	40	1	7222	7759	1	537	0.0	765
contig_38	VFG048249(gb|WP_008806380)	91.257	549	48	0	6603	7151	1	549	0.0	749
contig_43	VFG048328(gb|WP_020953359)	100.000	92	0	0	139	230	92	1	8.81e-40	171
contig_43	VFG048324(gb|YP_005228640)	100.000	92	0	0	139	230	92	1	8.81e-40	171
contig_43	VFG048323(gb|WP_008806362)	100.000	92	0	0	139	230	92	1	8.81e-40	171
contig_43	VFG048327(gb|WP_004152886)	100.000	92	0	0	139	230	92	1	8.81e-40	171
contig_43	VFG048321(gb|WP_014226694)	95.000	60	3	0	171	230	60	1	5.45e-17	95.3
contig_43	VFG048320(gb|WP_014226694)	95.000	60	3	0	171	230	60	1	5.45e-17	95.3
contig_44	VFG049140(gb|YP_005225488)	99.587	3147	13	0	59176	62322	3147	1	0.0	5740
contig_44	VFG049143(gb|WP_002892069)	99.460	3147	17	0	59176	62322	3147	1	0.0	5718
contig_44	VFG049142(gb|WP_002892069)	99.428	3147	18	0	59176	62322	3147	1	0.0	5712
contig_44	VFG049144(gb|WP_002892069)	99.428	3147	18	0	59176	62322	3147	1	0.0	5712
contig_44	VFG049145	99.396	3147	19	0	59176	62322	3147	1	0.0	5707
contig_44	VFG049139(gb|WP_008805437)	95.491	3149	138	4	59176	62322	3147	1	0.0	5025
contig_44	VFG049146(gb|WP_012968813)	95.332	3149	143	4	59176	62322	3147	1	0.0	4998
contig_44	VFG049134	99.247	1196	3	5	62345	63535	1195	1	0.0	2154
contig_44	VFG049129(gb|YP_005225489)	99.247	1195	4	4	62345	63535	1194	1	0.0	2152
contig_44	VFG049133(gb|WP_004177236)	98.996	1195	7	4	62345	63535	1194	1	0.0	2135
contig_44	VFG049131(gb|WP_004177236)	98.912	1195	8	4	62345	63535	1194	1	0.0	2130
contig_44	VFG049132(gb|WP_004177236)	98.828	1195	9	4	62345	63535	1194	1	0.0	2124
contig_44	VFG049135(gb|WP_008805438)	96.402	1195	38	4	62345	63535	1194	1	0.0	1964
contig_44	VFG049128(gb|WP_012542667)	96.402	1195	38	4	62345	63535	1194	1	0.0	1964
contig_44	VFG049248(gb|WP_123809090)	100.000	61	0	0	108577	108637	1	61	3.43e-22	113
contig_44	VFG048839(gb|WP_041937831)	97.059	34	1	0	107576	107609	1347	1380	1.63e-05	58.4
contig_45	VFG048543(gb|YP_005226444)	99.022	2249	19	3	76379	78626	1	2247	0.0	4028
contig_45	VFG048541(gb|WP_041169040)	99.451	2185	10	2	76443	78626	1	2184	0.0	3967
contig_45	VFG048546(gb|WP_015958223)	99.405	2185	11	2	76443	78626	1	2184	0.0	3962
contig_45	VFG048544(gb|WP_002901630)	99.039	2185	19	2	76443	78626	1	2184	0.0	3917
contig_45	VFG048545(gb|WP_004224251)	98.947	2185	21	2	76443	78626	1	2184	0.0	3906
contig_45	VFG048548(gb|WP_020947523)	98.902	2185	22	2	76443	78626	1	2184	0.0	3901
contig_45	VFG048542(gb|WP_012542068)	96.568	2185	73	2	76443	78626	1	2184	0.0	3618
contig_45	VFG038758(gb|WP_005350684)	90.566	53	4	1	10926	10978	876	825	1.06e-08	69.4
contig_45	VFG038763(gb|WP_017409846)	100.000	34	0	0	10926	10959	876	843	4.95e-07	63.9
contig_47	VFG049248(gb|WP_123809090)	100.000	60	0	0	67508	67567	1	60	1.84e-21	111
contig_47	VFG048839(gb|WP_041937831)	100.000	31	0	0	66511	66541	1350	1380	2.43e-05	58.4
contig_51	VFG049007(gb|WP_002911561)	100.000	624	0	0	44681	45304	624	1	0.0	1153
contig_51	VFG049008(gb|WP_004141142)	99.840	624	1	0	44681	45304	624	1	0.0	1147
contig_51	VFG049005(gb|WP_004180447)	99.840	624	1	0	44681	45304	624	1	0.0	1147
contig_51	VFG049004(gb|WP_032419820)	99.679	624	2	0	44681	45304	624	1	0.0	1142
contig_51	VFG049002(gb|WP_008804210)	91.547	627	47	3	44681	45304	624	1	0.0	859
contig_51	VFG049009(gb|WP_008804210)	91.388	627	48	3	44681	45304	624	1	0.0	854
contig_54	VFG049248(gb|WP_123809090)	96.667	60	1	1	591	649	60	1	4.76e-18	99.0
contig_54	VFG048839(gb|WP_041937831)	100.000	31	0	0	1624	1654	1380	1350	8.08e-06	58.4
contig_56	VFG040960(gb|WP_162493344)	97.872	1974	42	0	17107	19080	1	1974	0.0	3413
contig_56	VFG040961(gb|WP_012542822)	94.638	1492	79	1	19077	20567	1	1492	0.0	2311
contig_56	VFG040962(gb|WP_012542823)	94.408	1216	66	2	20571	21785	1	1215	0.0	1868
contig_56	VFG040968(gb|WP_012542825)	93.066	1197	78	3	24671	25862	1	1197	0.0	1746
contig_56	VFG040967(gb|WP_012542824)	95.706	978	42	0	23698	24675	1	978	0.0	1574
contig_56	VFG040971(gb|WP_008807384)	96.754	801	26	0	27073	27873	1	801	0.0	1336
contig_56	VFG040970(gb|WP_012542827)	91.310	748	63	2	26330	27076	1	747	0.0	1020
contig_56	VFG040966(gb|WP_008807379)	94.472	597	33	0	23105	23701	1	597	0.0	920
contig_56	VFG040958(gb|WP_012542819)	92.832	558	39	1	11815	12371	558	1	0.0	808
contig_56	VFG040964(gb|WP_008807378)	94.027	519	27	3	22228	22745	1	516	0.0	784
contig_56	VFG040963(gb|WP_002889054)	96.454	423	15	0	21806	22228	1	423	0.0	699
contig_56	VFG040969(gb|WP_012542826)	90.965	487	42	2	25855	26340	1	486	0.0	654
contig_56	VFG040965(gb|WP_004894160)	95.095	367	17	1	22742	23108	1	366	6.11e-162	577
contig_56	VFG040957(gb|WP_012968915)	92.819	376	24	3	11403	11776	1	375	2.23e-151	542
contig_6	VFG049194(gb|WP_004150973)	99.573	2574	11	0	272986	275559	1	2574	0.0	4693
contig_6	VFG049195(gb|WP_004150973)	99.495	2574	13	0	272986	275559	1	2574	0.0	4682
contig_6	VFG049196(gb|WP_004890358)	99.417	2574	15	0	272986	275559	1	2574	0.0	4671
contig_6	VFG049191(gb|WP_014907101)	99.378	2574	16	0	272986	275559	1	2574	0.0	4665
contig_6	VFG049197(gb|WP_032452026)	99.262	2574	19	0	272986	275559	1	2574	0.0	4649
contig_6	VFG049193(gb|YP_005228284)	99.555	2472	11	0	273088	275559	1	2472	0.0	4505
contig_6	VFG049198(gb|WP_008806080)	96.309	2574	95	0	272986	275559	1	2574	0.0	4228
contig_6	VFG049192(gb|WP_008806080)	96.309	2574	95	0	272986	275559	1	2574	0.0	4228
contig_6	VFG014389(gb|WP_012051624)	100.000	28	0	0	161650	161677	1019	1046	0.002	52.8
contig_6	VFG014388(gb|WP_010955091)	100.000	28	0	0	161650	161677	1019	1046	0.002	52.8
contig_65	VFG048535(gb|WP_004148380)	99.359	936	3	2	138687	139619	936	1	0.0	1692
contig_65	VFG048537(gb|WP_019704284)	99.252	936	4	2	138687	139619	936	1	0.0	1687
contig_65	VFG048538(gb|WP_004143445)	99.038	936	6	2	138687	139619	936	1	0.0	1676
contig_65	VFG044322(gb|WP_004190148)	98.932	936	7	2	138687	139619	936	1	0.0	1670
contig_65	VFG048536(gb|WP_004224761)	98.825	936	8	2	138687	139619	936	1	0.0	1664
contig_65	VFG048534(gb|YP_005226915)	99.071	538	1	3	139085	139619	537	1	0.0	963
contig_68	VFG048969(gb|YP_005227870)	92.962	1435	95	5	11915	13344	1434	1	0.0	2085
contig_68	VFG048989(gb|WP_015958714)	91.568	1435	115	5	11915	13344	1434	1	0.0	1975
contig_68	VFG048991(gb|YP_005227874)	96.821	975	28	2	15249	16220	975	1	0.0	1626
contig_68	VFG048990(gb|WP_001741945)	99.327	891	4	1	15326	16214	891	1	0.0	1611
contig_68	VFG048794(gb|WP_049256767)	99.214	891	5	1	15326	16214	891	1	0.0	1605
contig_68	VFG048993(gb|WP_001741945)	98.878	891	8	1	15326	16214	891	1	0.0	1589
contig_68	VFG048960(gb|WP_014599212)	98.878	891	8	1	15326	16214	891	1	0.0	1589
contig_68	VFG048799(gb|WP_024188874)	94.388	891	48	2	15326	16214	891	1	0.0	1367
contig_68	VFG048792(gb|WP_024188874)	93.827	891	53	2	15326	16214	891	1	0.0	1339
contig_68	VFG048992(gb|WP_004151150)	92.259	633	43	6	14304	14933	630	1	0.0	893
contig_68	VFG048988(gb|YP_005227873)	92.259	633	43	6	14304	14933	630	1	0.0	893
contig_68	VFG048949(gb|WP_004184823)	91.785	633	46	6	14304	14933	630	1	0.0	876
contig_68	VFG048805(gb|WP_020956624)	90.363	633	55	6	14304	14933	630	1	0.0	826
contig_69	VFG048497(gb|WP_041937591)	96.085	3908	89	43	12551	16420	1	3882	0.0	6311
contig_69	VFG048494(gb|YP_005225740)	95.727	3908	103	39	12551	16420	1	3882	0.0	6233
contig_69	VFG048496(gb|WP_014599078)	95.496	3908	112	42	12551	16420	1	3882	0.0	6183
contig_69	VFG048498(gb|WP_012737619)	95.445	3908	114	39	12551	16420	1	3882	0.0	6172
contig_69	VFG048499(gb|WP_012968729)	94.115	3908	166	40	12551	16420	1	3882	0.0	5884
contig_69	VFG048493(gb|WP_012542492)	94.038	3908	169	40	12551	16420	1	3882	0.0	5867
contig_69	VFG048517(gb|WP_012068422)	98.789	2230	20	7	8621	10844	2229	1	0.0	3962
contig_69	VFG048518(gb|WP_012737617)	98.744	2230	21	7	8621	10844	2229	1	0.0	3956
contig_69	VFG048514(gb|YP_005225737)	97.803	2230	42	7	8621	10844	2229	1	0.0	3840
contig_69	VFG048516(gb|WP_014599075)	97.444	2230	50	7	8621	10844	2229	1	0.0	3795
contig_69	VFG048513(gb|WP_008805577)	96.457	2230	72	7	8621	10844	2229	1	0.0	3674
contig_69	VFG048519(gb|WP_012968731)	95.291	2230	98	7	8621	10844	2229	1	0.0	3530
contig_69	VFG048429(gb|WP_004183353)	98.695	1609	15	4	23102	24705	1	1608	0.0	2850
contig_69	VFG048428(gb|WP_012068426)	98.571	1609	17	4	23102	24705	1	1608	0.0	2839
contig_69	VFG048427(gb|WP_004223595)	97.452	1609	35	4	23102	24705	1	1608	0.0	2739
contig_69	VFG048425(gb|YP_005225747)	97.079	1609	41	4	23102	24705	1	1608	0.0	2706
contig_69	VFG048424(gb|WP_012542486)	96.395	1609	52	5	23102	24705	1	1608	0.0	2645
contig_69	VFG048430(gb|WP_012968726)	96.022	1609	58	4	23102	24705	1	1608	0.0	2612
contig_69	VFG048459(gb|WP_004147525)	99.517	1242	5	1	19379	20619	1	1242	0.0	2259
contig_69	VFG048457(gb|WP_004223589)	99.114	1242	10	1	19379	20619	1	1242	0.0	2231
contig_69	VFG048458(gb|WP_004147525)	98.953	1242	12	1	19379	20619	1	1242	0.0	2220
contig_69	VFG048456(gb|WP_004147525)	98.873	1242	13	1	19379	20619	1	1242	0.0	2215
contig_69	VFG048455(gb|YP_005225744)	98.792	1242	14	1	19379	20619	1	1242	0.0	2209
contig_69	VFG048438(gb|WP_004176916)	99.407	1181	2	2	21912	23092	1	1176	0.0	2137
contig_69	VFG048504(gb|YP_005225738)	98.512	1210	13	4	11104	12309	1	1209	0.0	2130
contig_69	VFG048460(gb|WP_008805583)	97.585	1242	29	1	19379	20619	1	1242	0.0	2126
contig_69	VFG048506(gb|WP_004223574)	98.430	1210	14	4	11104	12309	1	1209	0.0	2124
contig_69	VFG048437(gb|WP_014599079)	99.153	1181	5	2	21912	23092	1	1176	0.0	2121
contig_69	VFG048435(gb|YP_005225746)	99.153	1181	5	2	21912	23092	1	1176	0.0	2121
contig_69	VFG048507(gb|WP_019705362)	98.347	1210	15	4	11104	12309	1	1209	0.0	2119
contig_69	VFG048454(gb|WP_012542489)	97.424	1242	31	1	19379	20619	1	1242	0.0	2115
contig_69	VFG048439(gb|WP_014907941)	98.984	1181	7	2	21912	23092	1	1176	0.0	2109
contig_69	VFG048508(gb|WP_012737618)	98.182	1210	17	4	11104	12309	1	1209	0.0	2108
contig_69	VFG048502(gb|WP_012737618)	98.099	1210	18	4	11104	12309	1	1209	0.0	2102
contig_69	VFG048509(gb|WP_012968730)	94.545	1210	61	4	11104	12309	1	1209	0.0	1864
contig_69	VFG048503(gb|WP_012542493)	94.050	1210	67	4	11104	12309	1	1209	0.0	1831
contig_69	VFG048434(gb|WP_012542487)	93.480	1181	72	2	21912	23092	1	1176	0.0	1749
contig_69	VFG048474(gb|YP_005225742)	98.584	989	11	3	17279	18265	988	1	0.0	1746
contig_69	VFG048478(gb|WP_004147521)	98.584	989	11	3	17279	18265	988	1	0.0	1746
contig_69	VFG048467(gb|WP_012068425)	97.919	1009	17	3	18262	19267	1008	1	0.0	1744
contig_69	VFG048466(gb|WP_004223587)	97.919	1009	17	3	18262	19267	1008	1	0.0	1744
contig_69	VFG048465(gb|YP_005225743)	97.919	1009	17	3	18262	19267	1008	1	0.0	1744
contig_69	VFG048468(gb|WP_004176917)	97.919	1009	17	3	18262	19267	1008	1	0.0	1744
contig_69	VFG048440(gb|WP_012542487)	93.311	1181	74	2	21912	23092	1	1176	0.0	1738
contig_69	VFG048477(gb|WP_004147521)	98.382	989	13	3	17279	18265	988	1	0.0	1735
contig_69	VFG048476(gb|WP_004223582)	97.978	989	17	3	17279	18265	988	1	0.0	1712
contig_69	VFG048473(gb|WP_004147521)	97.674	989	20	3	17279	18265	988	1	0.0	1696
contig_69	VFG048479(gb|WP_012968727)	97.573	989	21	3	17279	18265	988	1	0.0	1690
contig_69	VFG048447(gb|WP_004147526)	98.238	965	9	7	20762	21723	960	1	0.0	1681
contig_69	VFG048449(gb|WP_012737621)	98.031	965	11	7	20762	21723	960	1	0.0	1670
contig_69	VFG048448(gb|WP_004147526)	97.927	965	12	7	20762	21723	960	1	0.0	1664
contig_69	VFG048445(gb|YP_005225745)	97.927	965	12	7	20762	21723	960	1	0.0	1664
contig_69	VFG048469(gb|WP_008805582)	96.135	1009	35	3	18262	19267	1008	1	0.0	1644
contig_69	VFG048464(gb|WP_012542490)	96.135	1009	35	3	18262	19267	1008	1	0.0	1644
contig_69	VFG048450(gb|WP_012542488)	95.544	965	35	7	20762	21723	960	1	0.0	1537
contig_69	VFG048444(gb|WP_012542488)	95.130	965	39	7	20762	21723	960	1	0.0	1515
contig_69	VFG048419(gb|WP_004210873)	98.357	852	8	4	24719	25564	1	852	0.0	1491
contig_69	VFG048415(gb|YP_005225748)	98.239	852	9	4	24719	25564	1	852	0.0	1485
contig_69	VFG048417(gb|WP_014599080)	98.122	852	10	4	24719	25564	1	852	0.0	1480
contig_69	VFG048487(gb|WP_002893737)	99.246	796	4	2	16485	17279	795	1	0.0	1435
contig_69	VFG048418(gb|WP_012068427)	97.183	852	18	5	24719	25564	1	852	0.0	1435
contig_69	VFG048486(gb|WP_004223579)	99.121	796	5	2	16485	17279	795	1	0.0	1430
contig_69	VFG048484(gb|YP_005225741)	99.121	796	5	2	16485	17279	795	1	0.0	1430
contig_69	VFG048488(gb|WP_002893737)	98.995	796	6	2	16485	17279	795	1	0.0	1424
contig_69	VFG048405(gb|YP_005225749)	100.000	756	0	0	25564	26319	1	756	0.0	1397
contig_69	VFG048483(gb|WP_012542491)	98.241	796	12	2	16485	17279	795	1	0.0	1391
contig_69	VFG048407(gb|WP_024622880)	99.866	747	1	0	25573	26319	1	747	0.0	1375
contig_69	VFG048489(gb|WP_012968728)	97.739	796	16	2	16485	17279	795	1	0.0	1369
contig_69	VFG048414(gb|WP_012542485)	95.305	852	34	5	24719	25564	1	852	0.0	1347
contig_69	VFG048420(gb|WP_012968725)	95.188	852	35	5	24719	25564	1	852	0.0	1341
contig_69	VFG048409(gb|WP_086074289)	98.527	747	11	0	25573	26319	1	747	0.0	1319
contig_69	VFG048526(gb|WP_004223568)	98.878	624	5	2	7933	8554	624	1	0.0	1112
contig_69	VFG048408(gb|WP_012068428)	93.131	757	50	2	25564	26319	1	756	0.0	1109
contig_69	VFG048524(gb|YP_005225736)	98.397	624	8	2	7933	8554	624	1	0.0	1096
contig_69	VFG048410(gb|WP_008805588)	92.612	758	52	3	25564	26319	1	756	0.0	1086
contig_69	VFG048404(gb|WP_008805588)	92.602	757	54	2	25564	26319	1	756	0.0	1086
contig_69	VFG048527(gb|WP_012068421)	98.301	471	6	2	8086	8554	471	1	0.0	824
contig_69	VFG048528(gb|WP_004183335)	98.085	470	7	2	8087	8554	470	1	0.0	817
contig_69	VFG048529(gb|WP_012968732)	94.894	470	22	2	8087	8554	470	1	0.0	734
contig_69	VFG048523(gb|WP_012542494)	94.681	470	23	2	8087	8554	470	1	0.0	728
contig_69	VFG026654(gb|YP_007958424)	91.667	48	4	0	24078	24125	598	645	3.40e-09	69.4
contig_69	VFG026649(gb|WP_015575197)	91.667	48	4	0	24078	24125	1030	1077	1.22e-08	67.6
contig_69	VFG026644(gb|WP_015293659)	91.667	48	4	0	24078	24125	1045	1092	1.22e-08	67.6
contig_69	VFG026643(gb|WP_015290628)	91.667	48	4	0	24078	24125	1045	1092	1.22e-08	67.6
contig_69	VFG026642(gb|WP_015303464)	91.667	48	4	0	24078	24125	1045	1092	1.22e-08	67.6
contig_69	VFG026641(gb|WP_003412282)	91.667	48	4	0	24078	24125	1045	1092	1.22e-08	67.6
contig_69	VFG022739(gb|WP_014001248)	91.667	48	4	0	24078	24125	1045	1092	1.22e-08	67.6
contig_69	VFG001817(gb|NP_216900)	91.667	48	4	0	24078	24125	1045	1092	1.22e-08	67.6
contig_69	VFG015908(gb|WP_164920478)	90.698	43	4	0	15372	15414	15875	15917	7.36e-06	58.4
contig_78	VFG048696(gb|WP_040188146)	99.096	2655	21	3	14999	17650	1	2655	0.0	4767
contig_78	VFG048693(gb|YP_005226603)	99.021	2655	23	3	14999	17650	1	2655	0.0	4756
contig_78	VFG048698(gb|WP_020947550)	98.908	2655	26	3	14999	17650	1	2655	0.0	4739
contig_78	VFG048697(gb|WP_015874721)	98.757	2655	30	3	14999	17650	1	2655	0.0	4717
contig_78	VFG048691(gb|WP_014907724)	98.757	2655	30	3	14999	17650	1	2655	0.0	4717
contig_78	VFG048695	98.720	2656	30	4	14999	17650	1	2656	0.0	4713
contig_78	VFG048699(gb|WP_012968410)	98.569	2655	35	3	14999	17650	1	2655	0.0	4689
contig_78	VFG048692(gb|WP_012541980)	98.305	2655	42	3	14999	17650	1	2655	0.0	4650
contig_78	VFG048771(gb|WP_004190505)	98.522	1759	14	11	21685	23435	1	1755	0.0	3094
contig_78	VFG048769(gb|WP_004224386)	98.522	1759	14	11	21685	23435	1	1755	0.0	3094
contig_78	VFG048767(gb|YP_005226617)	98.465	1759	15	11	21685	23435	1	1755	0.0	3088
contig_78	VFG048766(gb|WP_014907713)	98.465	1759	15	11	21685	23435	1	1755	0.0	3088
contig_78	VFG048770(gb|WP_004892596)	98.294	1759	18	11	21685	23435	1	1755	0.0	3072
contig_78	VFG048675(gb|WP_015958244)	98.828	1707	12	3	12541	14239	1	1707	0.0	3035
contig_78	VFG048672(gb|YP_005226601)	98.243	1707	22	3	12541	14239	1	1707	0.0	2979
contig_78	VFG048674(gb|WP_004224349)	98.184	1707	23	3	12541	14239	1	1707	0.0	2974
contig_78	VFG048676(gb|WP_014907726)	98.184	1707	23	3	12541	14239	1	1707	0.0	2974
contig_78	VFG048678(gb|WP_012968411)	98.125	1707	24	3	12541	14239	1	1707	0.0	2968
contig_78	VFG048677(gb|WP_004140193)	98.067	1707	25	3	12541	14239	1	1707	0.0	2963
contig_78	VFG048671(gb|WP_012541981)	97.594	1704	36	3	12541	14239	1	1704	0.0	2915
contig_78	VFG048755(gb|WP_049127998)	98.774	1631	17	2	18387	20016	1826	3454	0.0	2898
contig_78	VFG048753(gb|WP_004224382)	98.289	1636	25	2	18387	20021	1796	3429	0.0	2863
contig_78	VFG048772(gb|WP_012968399)	96.075	1758	59	10	21685	23435	1	1755	0.0	2856
contig_78	VFG048754(gb|WP_077250640)	98.222	1631	26	2	18387	20016	1826	3454	0.0	2848
contig_78	VFG048751(gb|YP_005226614)	98.222	1631	26	2	18387	20016	1796	3424	0.0	2848
contig_78	VFG048756(gb|WP_012968401)	98.161	1631	27	2	18387	20016	1796	3424	0.0	2843
contig_78	VFG048759	98.557	1594	17	5	20018	21605	1	1594	0.0	2811
contig_78	VFG048760(gb|WP_004183804)	98.493	1593	19	4	20018	21605	1	1593	0.0	2804
contig_78	VFG048643(gb|WP_014907727)	99.094	1545	14	0	8968	10512	1	1545	0.0	2776
contig_78	VFG048637(gb|WP_014907727)	99.029	1545	15	0	8968	10512	1	1545	0.0	2771
contig_78	VFG048644(gb|WP_046387589)	98.835	1545	18	0	8968	10512	1	1545	0.0	2754
contig_78	VFG048642(gb|WP_004190552)	98.252	1545	27	0	8968	10512	1	1545	0.0	2704
contig_78	VFG048641(gb|WP_004224342)	98.188	1545	28	0	8968	10512	1	1545	0.0	2699
contig_78	VFG048639(gb|YP_005226598)	98.123	1545	29	0	8968	10512	1	1545	0.0	2693
contig_78	VFG048763(gb|WP_012968400)	96.987	1593	43	4	20018	21605	1	1593	0.0	2671
contig_78	VFG048638(gb|WP_012541984)	97.864	1545	33	0	8968	10512	1	1545	0.0	2671
contig_78	VFG048645(gb|WP_012968414)	97.605	1545	37	0	8968	10512	1	1545	0.0	2649
contig_78	VFG048650(gb|YP_005226599)	98.441	1347	10	10	10522	11860	1	1344	0.0	2361
contig_78	VFG048655(gb|WP_004140196)	98.367	1347	11	10	10522	11860	1	1344	0.0	2355
contig_78	VFG048652(gb|WP_004224345)	98.293	1347	12	10	10522	11860	1	1344	0.0	2350
contig_78	VFG048654(gb|WP_004224345)	98.293	1347	12	10	10522	11860	1	1344	0.0	2350
contig_78	VFG048653(gb|WP_015958243)	98.218	1347	13	10	10522	11860	1	1344	0.0	2344
contig_78	VFG048656(gb|WP_012968413)	96.140	1347	41	10	10522	11860	1	1344	0.0	2189
contig_78	VFG048649(gb|WP_012541983)	95.694	1347	47	10	10522	11860	1	1344	0.0	2156
contig_78	VFG048778(gb|WP_004224389)	99.540	1088	1	4	23399	24484	1	1086	0.0	1978
contig_78	VFG048779(gb|WP_004190503)	99.265	1088	4	4	23399	24484	1	1086	0.0	1962
contig_78	VFG048776(gb|YP_005226618)	98.989	1088	7	4	23399	24484	1	1086	0.0	1945
contig_78	VFG048780(gb|WP_012968398)	96.599	1088	33	4	23399	24484	1	1086	0.0	1801
contig_78	VFG048708(gb|WP_041168969)	99.597	745	2	1	17643	18386	1	745	0.0	1358
contig_78	VFG048707(gb|WP_015958246)	99.463	745	3	1	17643	18386	1	745	0.0	1352
contig_78	VFG048710(gb|WP_165453604)	99.321	736	4	1	17652	18386	1	736	0.0	1330
contig_78	VFG048703(gb|WP_012541979)	99.321	736	4	1	17652	18386	1	736	0.0	1330
contig_78	VFG048706(gb|WP_187073779)	99.049	736	6	1	17652	18386	1	736	0.0	1319
contig_78	VFG048704(gb|YP_005226604)	98.913	736	7	1	17652	18386	1	736	0.0	1314
contig_78	VFG048709(gb|WP_162198371)	98.777	736	8	1	17652	18386	1	736	0.0	1308
contig_78	VFG048663(gb|WP_004176431)	99.130	690	4	1	11857	12544	1	690	0.0	1240
contig_78	VFG048664(gb|WP_004176431)	98.986	690	5	1	11857	12544	1	690	0.0	1234
contig_78	VFG048665(gb|WP_004176431)	98.986	690	5	1	11857	12544	1	690	0.0	1234
contig_78	VFG048661(gb|YP_005226600)	98.696	690	7	1	11857	12544	1	690	0.0	1223
contig_78	VFG048666(gb|WP_004140195)	98.551	690	8	1	11857	12544	1	690	0.0	1218
contig_78	VFG048667(gb|WP_012968412)	95.217	690	31	1	11857	12544	1	690	0.0	1090
contig_78	VFG048660(gb|WP_012541982)	95.072	690	32	1	11857	12544	1	690	0.0	1085
contig_78	VFG048786(gb|WP_004176417)	99.266	545	0	3	24462	25004	1	543	0.0	981
contig_78	VFG048787(gb|WP_004176417)	99.083	545	1	3	24462	25004	1	543	0.0	976
contig_78	VFG048683(gb|YP_005226602)	99.797	492	1	0	14244	14735	1	492	0.0	904
contig_78	VFG048689(gb|WP_002902160)	99.593	492	2	0	14244	14735	1	492	0.0	898
contig_78	VFG048632(gb|WP_004176434)	99.390	492	2	1	8435	8925	1	492	0.0	891
contig_78	VFG048788(gb|WP_012968397)	96.147	545	17	3	24462	25004	1	543	0.0	887
contig_78	VFG048688(gb|WP_020953393)	99.187	492	4	0	14244	14735	1	492	0.0	887
contig_78	VFG048687(gb|WP_002902160)	99.187	492	4	0	14244	14735	1	492	0.0	887
contig_78	VFG048628(gb|YP_005226597)	99.187	492	3	1	8435	8925	1	492	0.0	885
contig_78	VFG048633(gb|WP_004140201)	98.984	492	4	1	8435	8925	1	492	0.0	880
contig_78	VFG048631(gb|WP_004176434)	98.984	492	4	1	8435	8925	1	492	0.0	880
contig_78	VFG048630(gb|WP_004224339)	98.984	492	4	1	8435	8925	1	492	0.0	880
contig_78	VFG048686(gb|WP_002902160)	98.577	492	7	0	14244	14735	1	492	0.0	870
contig_78	VFG048685(gb|WP_002902160)	98.374	492	8	0	14244	14735	1	492	0.0	865
contig_78	VFG048682(gb|WP_002902160)	98.374	492	8	0	14244	14735	1	492	0.0	865
contig_78	VFG048627(gb|WP_012541985)	97.764	492	10	1	8435	8925	1	492	0.0	846
contig_78	VFG048634(gb|WP_012541985)	97.358	492	12	1	8435	8925	1	492	0.0	835
contig_78	VFG048758(gb|YP_005226615)	97.291	406	9	1	20018	20421	1	406	0.0	688
contig_78	VFG048761(gb|WP_015958257)	96.833	221	5	1	20018	20236	1	221	4.75e-99	368
contig_78	VFG048762(gb|WP_015874732)	93.213	221	13	1	20018	20236	1	221	1.04e-85	324
contig_78	VFG048757(gb|WP_014907715)	93.213	221	13	1	20018	20236	1	221	1.04e-85	324
contig_79	VFG048615(gb|YP_005226287)	99.407	2192	11	2	28007	30198	1	2190	0.0	3975
contig_79	VFG048617(gb|WP_004150817)	99.316	2192	13	2	28007	30198	1	2190	0.0	3964
contig_79	VFG048620(gb|WP_014907843)	99.224	2192	15	2	28007	30198	1	2190	0.0	3952
contig_79	VFG048619(gb|WP_041937604)	98.905	2192	22	2	28007	30198	1	2190	0.0	3914
contig_79	VFG048623(gb|WP_012968568)	94.526	2192	118	2	28007	30198	1	2190	0.0	3382
contig_79	VFG048614(gb|WP_022065355)	94.343	2192	122	2	28007	30198	1	2190	0.0	3360
contig_80	VFG049248(gb|WP_123809090)	100.000	62	0	0	1858	1919	62	1	1.52e-22	115
contig_80	VFG048839(gb|WP_041937831)	100.000	32	0	0	2886	2917	1380	1349	7.23e-06	60.2
contig_82	VFG049018(gb|WP_002913007)	100.000	651	0	0	46281	46931	651	1	0.0	1203
contig_82	VFG049019(gb|WP_002913007)	99.846	651	1	0	46281	46931	651	1	0.0	1197
contig_82	VFG049017(gb|WP_002913007)	99.846	651	1	0	46281	46931	651	1	0.0	1197
contig_82	VFG049016(gb|WP_004899528)	99.693	651	2	0	46281	46931	651	1	0.0	1192
contig_82	VFG049014(gb|YP_005228004)	99.693	651	2	0	46281	46931	651	1	0.0	1192
contig_82	VFG049020(gb|WP_004201684)	95.699	651	28	0	46281	46931	651	1	0.0	1048
contig_82	VFG049013(gb|WP_004201684)	95.699	651	28	0	46281	46931	651	1	0.0	1048
